Metric,Score
Accuracy,0.898
Precision,0.9177444386963269
Recall,0.9752611324903794
F1-Score,0.9456289978678039
